<config xmlns="http://marklogic.com/roxy/cpf">
  <domains>
    <!-- one <domain> for each cpf domain -->
    <domain>
      <name>My Test Domain</name>
      <description>This domain is awesome!!!</description>
      <pipelines>
        <!-- one <pipeline> for each cpf pipeline to install in this domain -->
        <pipeline>/locaton/to/your/pipeline.xml</pipeline>
      </pipelines>
      <system-pipelines>
        <system-pipeline>Status Change Handling</system-pipeline>
      </system-pipelines>
<!--
      3 types of scopes exist: Make sure you use one

      <scope>
        <type>directory</type>
        <uri>/</uri>
        <depth>infinity</depth>
      </scope>
      <scope>
        <type>collection</type>
        <uri>MyCollection</uri>
        <depth/>
      </scope>
      <scope>
        <type>document</type>
        <uri>/stuff.xml</uri>
        <depth/>
      </scope>
-->
      <context>
        <modules-database>@ml.modules-db</modules-database>
        <root>/</root>
      </context>
      <restart-user>@ml.app-name-user</restart-user>
      <!-- Permissions are optional -->
      <permissions>
        <permission>
          <capability>execute</capability>
          <role-name>@ml.app-role</role-name>
        </permission>
      </permissions>
    </domain>
  </domains>
</config>